<?xml version="1.0" encoding="utf-8" standalone="yes"?>
<rss version="2.0" xmlns:atom="http://www.w3.org/2005/Atom">
  <channel>
    <title>varie on 4l3c</title>
    <link>https://www.4l3c.org/tags/varie/</link>
    <description>Recent content in varie on 4l3c</description>
    <generator>Hugo -- gohugo.io</generator>
    <language>it</language>
    <lastBuildDate>Mon, 17 Feb 2014 19:12:52 +0000</lastBuildDate><atom:link href="https://www.4l3c.org/tags/varie/index.xml" rel="self" type="application/rss+xml" />
    <item>
      <title>Il Blog Vive! Viva Il Blog!</title>
      <link>https://www.4l3c.org/2014/02/il-blog-vive-viva-il-blog/</link>
      <pubDate>Mon, 17 Feb 2014 19:12:52 +0000</pubDate>
      
      <guid>https://www.4l3c.org/2014/02/il-blog-vive-viva-il-blog/</guid>
      <description>Questo blog, seppur abbandonato al suo destino in tenera età dal quel debosciato del suo padrone (altri non è che me stesso), non è mai morto. Anzi, sono tornato a occuparmi di lui, a dargli una nuova veste grafica e nuovi contenuti.
I dettagli in un prossimo articolo, in preparazione.
Buona navigazione, o navigante!</description>
    </item>
    
  </channel>
</rss>
