<?xml version="1.0" encoding="utf-8" standalone="yes"?><rss version="2.0" xmlns:atom="http://www.w3.org/2005/Atom"><channel><title>Chi sono on 4l3c</title><link>https://www.4l3c.org/tags/chi-sono/</link><description>Recent content in Chi sono on 4l3c</description><generator>Hugo -- gohugo.io</generator><language>it</language><lastBuildDate>Mon, 17 Feb 2014 15:48:19 +0000</lastBuildDate><atom:link href="https://www.4l3c.org/tags/chi-sono/index.xml" rel="self" type="application/rss+xml"/><item><title>Chi sono</title><link>https://www.4l3c.org/chi_sono/</link><pubDate>Mon, 17 Feb 2014 15:48:19 +0000</pubDate><guid>https://www.4l3c.org/chi_sono/</guid><description>Salve! Mi chiamo Alessandro Bernardi e questo è il mio blog.
Appassionato di informatica fin da bambino, con un passato di consulente informatico come libero professionista, oggi lavoro nell&amp;rsquo;ufficio ICT di in un&amp;rsquo;importante azienda del credito italiana.
In particolare ho conoscenza di SQL, C#, .Net Core, Angular, HTML5, CSS, Drupal, C/C++, java, ruby e php.
In consulenza ho svolto anche il ruolo di sistemista in ambito Linux e reti LAN e WiFi.</description></item></channel></rss>